"2020-05-11 15:27:18",4,3,2,3,2,2,3,2,2,2,0,1,153,3,2,2,1,2,0,"N
"2020-05-11 19:30:59",3,3,2,2,2,2,3,2,3,3,2,1,154,4,2,2,2,3,0,"N
"2020-05-11 20:40:40",12,2,2,2,2,2,2,1,2,3,2,1,155,8,5,3,2,3,1,"N
"2020-05-11 20:48:54",12,2,2,2,2,2,3,1,3,4,2,2,156,3,5,4,4,5,0,"N
"2020-05-11 21:10:11",3,2,2,2,1,3,5,2,3,3,2,1,157,5,0,1,0,2,0,"N
"2020-05-11 21:45:54",12,3,2,3,0,4,3,3,0,4,2,1,158,3,5,2,1,2,0,"N
"2020-05-11 21:46:21",12,3,2,3,0,4,3,1,1,1,1,2,159,3,5,2,1,2,0,"N
"2020-05-11 21:46:53",12,1,1,1,1,1,1,1,1,1,1,2,160,3,5,2,1,2,0,"N
"2020-05-11 21:48:41",12,3,2,3,2,2,1,1,1,1,1,2,161,1,5,4,4,5,0,"N
"2020-05-11 21:49:08",12,1,1,1,2,1,1,1,1,1,1,2,162,1,5,4,4,5,0,"N
"2020-05-11 21:51:02",12,3,1,1,1,1,1,1,1,1,1,2,163,1,0,1,1,1,1,"N
"2020-05-11 22:17:28",3,2,1,1,1,1,1,1,1,1,1,1,164,1,0,0,0,3,0,"N
"2020-05-11 23:45:07",5,0,1,1,2,4,1,1,1,1,0,1,165,1,1,1,0,3,0,"N
"2020-05-11 23:55:17",5,0,2,1,2,4,1,3,2,4,1,2,166,1,1,1,0,1,1,"N
"2020-05-12 07:48:20",1,2,1,1,1,1,1,1,1,1,0,2,167,2,3,1,0,2,1,"N
"2020-05-12 12:18:30",3,1,1,2,2,1,5,1,3,3,2,1,168,3,0,1,0,2,0,"N
"2020-05-12 15:27:31",21,2,2,3,2,3,4,2,3,4,2,1,169,5,3,2,2,3,0,"N
"2020-05-12 21:34:58",1,3,2,0,2,5,2,3,2,3,2,2,170,1,4,0,0,0,0,"N
"2020-05-12 22:36:39",4,3,2,2,2,4,4,2,3,3,2,1,171,1,2,1,1,5,0,"N
"2020-05-12 22:43:55",1,1,1,1,1,1,1,1,1,1,1,1,175,1,0,0,0,0,0,"N
"2020-05-12 23:02:03",3,2,2,2,1,2,4,2,3,2,2,1,176,1,0,1,1,1,0,"N
"2020-05-12 23:48:24",32,2,2,2,1,3,2,2,3,2,2,1,177,1,0,0,0,0,1,"N
"2020-05-13 21:00:03",33,2,2,2,2,3,4,2,2,3,2,1,200,1,0,1,4,5,0,"N
"2020-05-13 21:02:49",1,2,2,0,2,3,1,1,2,4,2,2,201,1,0,0,0,2,0,"N
"2020-05-13 21:19:08",3,3,0,3,1,3,3,2,3,2,1,1,202,9,4,2,3,1,0,"N
"2020-05-13 21:19:22",1,1,1,1,1,1,3,2,3,3,1,1,203,1,0,1,0,2,0,"N
"2020-05-13 21:32:47",5,2,2,1,2,0,2,1,1,2,2,2,204,1,0,0,0,2,1,"N
"2020-05-13 22:55:27",5,2,2,1,1,5,1,1,0,1,1,2,205,1,1,0,0,0,1,"N
"2020-05-13 23:11:52",4,2,1,1,1,1,1,1,0,1,1,2,206,1,0,1,0,2,0,"N
"2020-05-13 23:15:14",2,2,1,2,2,3,5,3,3,4,1,1,207,8,2,2,2,2,0,"N
"2020-05-14 01:07:44",2,2,1,1,1,2,1,1,1,0,2,2,208,1,1,0,1,3,0,"N
"2020-05-14 01:14:35",11,0,1,2,2,2,1,1,2,3,2,2,209,1,1,0,0,3,0,"N
"2020-05-14 01:18:19",2,0,1,1,2,1,2,1,1,1,1,2,210,1,0,0,0,0,1,"N
"2020-05-14 01:30:02",3,1,1,2,1,0,1,0,1,1,1,2,211,1,1,1,0,3,0,"N
"2020-05-14 01:45:14",3,0,2,0,2,5,0,2,2,4,2,2,212,1,2,0,0,3,0,"N
"2020-05-14 01:53:53",2,2,1,2,2,4,1,2,1,4,2,2,213,1,0,1,1,3,0,"N
"2020-05-14 04:00:11",1,2,1,2,2,1,1,1,1,1,1,2,214,8,2,0,1,2,1,"N
"2020-05-14 04:27:44",1,2,1,2,1,1,1,1,1,1,1,2,215,1,0,0,2,2,1,"N
"2020-05-14 08:12:22",2,2,1,1,1,1,1,1,1,1,1,1,216,4,1,1,0,2,0,"N
"2020-05-14 10:56:35",3,2,1,1,1,2,1,1,2,1,1,1,217,1,0,4,0,0,0,"N
"2020-05-14 11:06:55",13,0,2,1,1,1,1,1,2,3,1,2,218,1,2,0,0,2,0,"N
"2020-05-14 12:01:37",1,0,1,1,1,1,1,2,1,1,1,2,219,1,2,0,0,3,1,"N
"2020-05-14 12:31:13",4,2,1,1,2,1,1,1,1,2,1,2,220,1,0,4,0,5,0,"N
"2020-05-14 12:44:48",7,0,2,2,2,1,1,1,1,2,1,2,221,1,2,1,0,3,0,"N
"2020-05-14 12:49:35",1,2,2,1,0,1,2,1,2,3,2,2,222,1,0,4,1,5,0,"N
"2020-05-14 13:18:05",2,0,1,1,1,1,4,1,1,0,1,2,223,1,0,1,1,3,0,"N
"2020-05-14 13:19:08",5,2,2,2,2,1,3,2,3,2,1,2,224,1,2,2,0,1,0,"N
"2020-05-14 13:36:18",1,0,1,1,1,1,1,1,2,2,1,2,225,1,0,0,0,3,1,"N
"2020-05-14 13:36:49",9,0,1,1,1,1,1,1,1,2,1,1,226,1,4,0,0,0,1,"N
"2020-05-14 13:48:32",1,0,1,1,2,1,1,1,2,1,1,2,227,1,1,0,0,3,0,"N
"2020-05-14 13:51:36",2,2,1,1,1,1,1,2,1,1,1,2,228,1,0,1,0,3,0,"N
"2020-05-14 13:55:19",2,1,1,1,1,1,1,2,1,1,1,2,229,1,1,0,0,2,0,"N
"2020-05-14 13:59:58",2,2,2,3,2,4,1,3,2,3,2,2,230,1,2,0,0,0,0,"N
"2020-05-14 15:50:25",13,0,1,1,2,1,1,0,1,1,1,2,231,1,3,1,0,1,0,"N
"2020-05-14 16:38:02",5,2,1,1,1,1,1,1,1,3,1,1,232,1,3,4,0,1,1,"N
"2020-05-14 17:04:20",1,3,2,1,2,3,3,2,2,2,2,1,233,1,0,0,0,2,1,"N
"2020-05-14 17:17:39",9,2,2,2,2,2,3,2,3,3,2,1,236,1,0,1,0,1,1,"N
"2020-05-14 17:28:22",2,2,2,3,1,4,4,2,2,3,2,2,237,3,1,1,0,2,0,"N
"2020-05-14 17:54:10",2,2,2,2,1,1,3,2,3,3,1,1,240,3,1,1,1,1,0,"N
"2020-05-14 18:40:38",1,2,1,1,1,1,1,1,0,1,1,2,241,1,1,1,0,2,0,"N
"2020-05-14 20:47:34",5,1,1,2,2,1,1,1,1,4,2,2,242,1,1,4,0,2,0,"N
"2020-05-15 01:28:16",8,2,2,1,2,2,5,1,1,4,2,2,243,1,2,0,0,3,1,"N
"2020-05-15 11:31:41",1,2,1,1,2,3,2,2,2,3,1,2,245,1,2,1,0,0,0,"N
"2020-05-15 12:22:39",5,3,2,2,2,2,6,2,3,2,1,1,246,1,2,0,1,1,0,"N
"2020-05-15 15:59:55",2,0,1,1,1,1,1,1,1,1,1,2,248,1,0,1,0,3,0,"N
"2020-05-15 16:14:30",7,3,0,1,1,2,1,1,2,1,1,2,251,1,2,0,1,1,0,"N
"2020-05-15 18:43:59",1,0,2,1,2,1,1,1,2,2,1,2,252,1,5,4,4,5,0,"N
"2020-05-15 19:17:38",1,2,1,1,1,1,1,1,1,1,1,2,253,1,5,4,4,5,0,"N
"2020-05-15 19:33:07",5,2,1,1,1,1,1,1,2,1,2,1,254,1,2,3,0,0,1,"N
"2020-05-15 22:18:01",2,2,1,2,1,2,4,2,2,2,1,1,257,1,0,0,0,1,0,"N
"2020-05-15 22:18:44",2,2,1,2,2,2,4,2,2,2,1,1,258,1,0,0,0,1,0,"N
"2020-05-15 22:21:21",20,1,2,3,2,5,6,3,3,4,2,2,259,1,0,0,0,0,0,"N
"2020-05-16 00:23:46",7,3,2,2,2,2,2,2,2,3,2,1,267,4,3,2,1,2,0,"N
"2020-05-16 02:00:31",7,3,1,0,1,2,1,1,2,1,1,2,268,1,2,0,0,1,0,"N
"2020-05-16 06:38:20",1,2,1,1,1,1,1,1,1,1,1,2,269,1,0,0,0,2,1,"N
"2020-05-16 19:09:29",1,2,1,1,2,1,1,2,2,1,1,1,270,1,0,1,0,2,1,"N
"2020-05-16 19:09:30",1,2,1,1,2,1,1,2,2,1,1,1,271,1,0,1,0,2,1,"N
"2020-05-16 21:06:48",10,3,2,1,2,1,1,1,2,1,1,2,272,1,4,0,0,2,1,"N
"2020-05-17 03:42:36",1,4,2,3,2,5,6,3,3,4,2,2,273,1,5,4,4,5,0,"N
"2020-05-17 17:43:56",2,0,1,1,0,1,1,1,1,0,0,2,277,1,0,1,0,3,0,"N
"2020-05-18 19:28:55",1,1,2,3,2,4,5,3,3,4,0,1,298,4,4,1,1,2,0,"N
"2020-05-18 19:28:56",1,1,2,3,2,4,5,3,3,4,0,1,299,4,4,1,1,0,0,"N
"2020-05-18 21:39:40",2,0,2,1,2,2,1,1,1,3,1,2,303,8,1,1,4,3,0,"N
"2020-05-19 01:04:05",5,2,2,3,2,5,1,3,1,4,2,2,304,1,1,0,0,3,1,"N
"2020-05-19 01:40:13",2,2,2,2,2,4,3,2,3,2,2,2,305,13,2,0,0,2,1,"N
"2020-05-19 05:27:30",1,0,2,1,2,2,1,2,1,2,1,2,306,1,1,0,0,3,0,"N
"2020-05-19 07:05:27",1,1,1,1,1,1,1,1,1,2,0,2,307,2,0,0,0,2,1,"N
"2020-05-19 09:12:44",5,0,0,1,2,5,1,3,1,1,2,2,308,13,2,0,0,3,1,"N
"2020-05-19 10:10:34",2,0,0,0,0,3,5,2,3,3,1,1,309,3,1,0,0,0,0,"N
"2020-05-19 10:13:04",1,3,1,2,2,5,6,3,3,3,2,1,310,4,3,1,0,2,1,"N
"2020-05-19 10:27:18",3,2,1,1,1,1,1,1,1,1,1,1,311,3,2,0,2,3,0,"N
"2020-05-19 16:21:41",2,1,2,2,2,2,1,1,1,0,0,2,312,4,1,0,1,3,0,"N
"2020-05-19 17:00:05",9,0,0,0,0,0,0,0,0,0,0,2,314,4,5,4,4,5,0,"N
"2020-05-19 17:15:23",3,2,1,2,2,3,6,2,1,3,0,2,315,3,4,0,1,2,0,"N
"2020-05-19 18:23:03",2,3,2,2,2,2,3,2,2,1,1,1,316,2,3,1,0,0,0,"N
"2020-05-19 18:23:16",1,2,2,3,1,3,3,2,3,1,1,1,317,1,0,0,0,2,0,"N
"2020-05-19 19:54:15",2,4,0,0,0,4,5,0,0,0,0,1,320,3,2,2,2,3,0,"N
"2020-05-19 20:19:14",4,1,1,2,1,2,2,1,1,1,2,1,321,1,1,1,1,2,1,"N
"2020-05-19 20:49:24",3,2,2,2,2,2,1,2,1,4,2,2,322,7,2,4,0,0,0,"N
"2020-05-19 22:23:01",2,1,2,2,2,4,1,1,1,4,2,2,323,1,1,0,0,3,0,"N
"2020-05-20 08:31:38",2,0,1,1,1,1,1,0,1,0,1,2,324,3,0,0,4,3,0,"N
"2020-05-20 14:35:27",18,2,1,1,2,1,1,1,1,3,1,2,325,1,3,1,0,3,0,"N
"2020-05-21 03:44:01",1,0,1,1,1,1,1,1,1,1,1,2,330,1,1,0,0,3,1,"N
"2020-05-21 10:26:12",6,2,1,1,2,2,1,2,2,3,1,2,331,1,1,0,0,2,1,"N
"2020-05-21 15:51:23",3,2,1,1,2,3,1,1,1,1,1,2,332,1,0,0,0,2,0,"N
"2020-05-21 16:00:45",1,0,2,1,1,5,5,3,2,4,1,2,333,1,1,0,0,2,0,"N
"2020-05-21 16:45:56",4,2,2,2,2,5,3,1,1,2,2,2,334,4,2,1,1,3,1,"N
"2020-05-21 16:46:04",1,0,1,1,2,3,1,1,1,1,1,2,335,1,0,0,0,3,0,"N
"2020-05-21 19:21:51",5,3,2,2,2,2,1,2,1,3,1,2,336,1,2,0,0,0,0,"N
"2020-05-21 20:16:37",4,2,1,3,2,3,4,1,2,1,2,1,337,2,1,0,1,2,0,"N
"2020-05-21 20:26:24",3,3,2,0,0,2,3,1,2,1,1,1,338,7,2,1,4,2,1,"N
"2020-05-22 08:38:21",4,2,2,1,1,2,2,1,3,1,1,2,340,3,1,1,0,0,0,"N
"2020-05-22 08:56:27",1,3,1,0,2,3,5,2,1,3,2,2,341,1,5,4,3,4,1,"N
"2020-05-22 08:58:19",8,4,2,3,1,4,1,1,1,3,2,1,342,4,3,2,2,3,0,"N
"2020-05-22 09:00:10",9,2,2,3,1,1,1,1,3,2,2,1,343,6,3,2,3,4,1,"N
"2020-05-22 13:41:55",2,2,0,3,2,5,4,1,2,3,1,2,344,1,2,1,0,2,0,"N
"2020-05-22 14:00:36",1,1,1,1,1,1,1,1,1,1,1,1,345,1,0,0,0,0,0,"N
"2020-05-22 14:01:38",1,1,1,1,1,1,1,1,1,1,1,1,346,2,0,0,0,0,0,"N
"2020-05-22 21:28:20",1,0,1,1,1,2,1,1,2,3,2,2,347,1,0,0,0,2,0,"N
"2020-05-25 22:40:15",2,2,2,0,2,5,6,1,2,4,2,2,354,1,2,2,0,1,0,"N
"2020-05-26 10:22:44",1,3,2,2,2,2,1,1,1,2,1,2,355,1,1,0,0,1,0,"N
"2020-05-26 11:27:42",15,2,1,1,1,1,1,1,2,1,1,2,356,1,4,1,0,0,0,"N
"2020-05-26 11:30:29",15,3,2,1,2,1,2,1,1,3,1,1,357,1,3,0,0,0,0,"N
"2020-05-26 12:07:33",22,2,1,2,2,1,1,2,1,4,2,2,358,1,3,1,0,2,0,"N
"2020-05-26 12:44:55",3,2,2,0,2,1,1,1,2,0,0,2,359,1,2,1,0,3,0,"N
"2020-05-26 23:42:16",2,3,1,0,2,1,1,1,1,1,1,2,360,3,0,0,0,3,1,"N
"2020-05-27 01:25:13",1,0,1,1,1,1,1,1,1,1,1,2,361,1,0,0,0,2,0,"N
"2020-05-27 11:08:17",1,3,2,1,2,3,1,1,1,1,1,2,362,1,0,1,0,2,1,"N
"2020-05-27 19:47:16",3,2,2,2,2,4,1,2,2,0,2,2,363,1,2,0,0,3,0,"N
"2020-05-27 20:56:40",1,0,1,1,1,1,1,1,1,4,0,2,364,1,0,0,2,1,0,"N
"2020-05-28 03:17:59",1,2,1,2,1,1,1,1,1,2,1,2,365,1,1,1,1,3,1,"N
"2020-05-28 03:47:23",9,3,2,1,2,1,1,1,1,1,2,2,366,1,4,0,0,2,0,"N
"2020-05-28 11:52:56",4,0,2,2,2,1,2,1,1,2,1,2,367,1,2,0,0,2,0,"N
"2020-05-28 13:03:31",7,2,2,1,2,1,3,1,1,2,1,2,368,1,3,1,0,2,0,"N
"2020-05-28 13:44:27",2,0,2,1,1,1,1,1,3,1,1,1,369,1,0,0,0,1,0,"N
"2020-05-28 16:50:56",6,2,2,2,2,2,5,1,1,1,2,2,372,1,1,0,0,3,0,"N
"2020-05-28 17:14:31",1,2,1,1,1,1,1,3,3,1,1,1,373,1,0,1,0,2,0,"N
"2020-05-29 12:55:27",3,3,1,1,1,2,1,2,1,3,1,2,374,1,0,0,0,2,0,"N
"2020-05-29 13:01:04",2,1,0,0,2,1,1,1,1,2,1,2,375,1,2,1,0,3,1,"N
"2020-05-29 13:09:40",30,1,1,1,1,1,1,1,0,1,0,2,376,1,3,4,0,0,0,"N
"2020-05-29 13:32:34",1,0,2,2,2,4,1,2,3,4,2,2,377,2,1,0,0,3,0,"N
"2020-05-29 15:38:49",19,3,2,3,2,2,1,3,2,3,2,2,378,3,4,0,0,1,1,"N
"2020-05-29 17:47:43",5,3,2,3,2,3,4,2,2,3,1,1,379,1,2,0,1,2,0,"N
"2020-05-29 23:44:21",2,2,1,1,1,1,1,3,2,3,2,2,380,3,2,0,0,2,0,"N
"2020-05-30 02:07:23",2,1,1,1,1,1,1,1,1,1,1,2,381,1,0,1,1,2,1,"N
"2020-05-31 02:44:07",2,2,2,3,2,4,2,3,2,4,2,2,382,1,1,0,2,3,1,"N
"2020-05-31 11:32:16",5,0,2,2,1,1,1,1,1,1,1,1,383,1,1,0,0,0,0,"N
"2020-05-31 17:34:53",6,3,0,3,2,4,5,1,3,4,2,2,384,6,3,2,2,4,0,"N
"2020-05-31 20:20:23",5,2,2,2,2,1,4,1,2,4,1,1,385,3,2,4,0,2,0,"N
"2020-05-31 20:22:30",10,2,1,1,1,2,3,2,1,3,1,1,386,3,2,4,0,0,0,"N
"2020-05-31 20:31:13",2,2,2,1,2,2,4,1,1,2,1,2,387,3,4,0,0,2,0,"N
"2020-05-31 21:15:28",29,2,2,3,2,1,0,1,1,4,2,2,388,1,3,0,0,3,0,"N
"2020-06-01 06:33:52",4,1,1,1,1,1,2,1,1,1,1,2,390,3,1,1,1,0,0,"N
"2020-06-02 13:59:08",1,0,1,1,1,1,1,1,2,2,1,2,391,1,3,0,0,0,0,"N
"2020-06-02 14:59:29",1,0,2,1,1,1,1,1,3,1,1,2,392,1,3,0,0,0,0,"N
"2020-06-02 15:06:43",1,3,0,1,0,0,1,0,2,2,1,2,393,1,3,0,0,0,0,"N
"2020-06-02 15:09:09",20,3,2,1,0,0,1,0,3,2,2,2,394,1,3,0,0,0,0,"N
"2020-06-02 15:11:01",20,3,0,0,0,0,0,0,0,0,0,2,395,1,3,0,0,0,0,"N
"2020-06-02 15:13:41",1,3,0,0,0,0,0,0,0,0,0,2,396,1,3,0,0,0,0,"N
"2020-06-03 00:43:51",3,2,1,1,2,1,2,1,1,1,1,2,397,1,0,0,0,2,1,"N
"2020-06-03 02:41:31",1,2,1,2,2,1,4,2,2,3,2,2,398,1,1,0,0,2,0,"N
"2020-06-03 21:14:08",35,2,2,1,1,3,1,2,3,2,2,2,399,1,4,1,0,3,1,"N
"2020-06-03 22:20:14",7,0,2,1,2,2,1,2,2,2,1,2,400,1,3,0,0,3,1,"N
"2020-06-03 23:30:11",3,2,1,1,2,5,1,1,3,4,2,2,401,3,2,0,0,2,0,"N
"2020-06-04 00:59:14",2,2,1,1,2,1,1,1,1,2,1,2,402,1,2,0,0,3,1,"N
"2020-06-04 15:41:25",3,3,1,1,1,1,1,1,1,1,0,1,403,1,0,0,0,5,1,"N
"2020-06-05 00:09:38",2,1,1,1,2,1,1,1,2,1,1,2,404,1,0,0,0,0,0,"N
"2020-06-05 00:11:33",2,3,2,1,2,2,1,2,2,4,2,2,405,1,0,0,0,1,0,"N
"2020-06-05 01:14:16",1,0,1,3,2,1,0,3,2,1,1,2,406,1,2,1,0,0,0,"N
"2020-06-05 03:24:27",2,0,1,1,1,3,1,2,2,1,1,1,407,1,0,1,1,3,1,"N
"2020-06-05 03:50:01",3,0,1,2,1,3,1,2,3,1,1,1,408,1,0,1,1,3,0,"N
"2020-06-05 04:43:59",5,3,1,1,2,1,1,1,2,1,1,2,409,11,0,0,0,1,0,"N
"2020-06-05 05:04:08",2,0,2,1,2,0,1,1,1,1,0,2,410,1,0,1,0,4,0,"N
"2020-06-05 12:32:48",33,0,2,2,2,1,1,1,2,3,1,2,411,1,3,1,0,0,0,"N
"2020-06-05 13:56:19",2,1,1,3,2,1,1,1,1,2,1,2,412,1,2,0,2,3,1,"N
"2020-06-05 13:56:36",1,2,2,1,2,1,1,1,2,1,1,1,413,1,0,0,0,2,1,"N
"2020-06-05 16:32:31",3,2,2,2,1,3,5,1,1,3,1,2,414,1,1,0,0,2,0,"N
"2020-06-05 16:35:25",2,2,1,1,1,1,1,1,1,1,1,2,415,1,1,1,0,4,1,"N
"2020-06-05 16:53:29",5,0,1,1,2,2,1,1,2,3,1,2,416,3,1,0,0,3,0,"N
"2020-06-05 18:04:04",4,2,2,1,2,1,3,1,1,4,2,2,417,3,1,0,0,3,0,"N
"2020-06-05 18:14:40",1,2,1,1,1,1,1,1,1,1,1,2,418,1,0,1,0,3,0,"N
"2020-06-06 01:02:54",21,0,1,1,1,1,1,1,1,1,0,1,419,1,3,0,0,0,0,"N
"2020-06-06 02:37:19",8,2,1,2,2,3,1,1,2,1,1,2,420,1,3,1,0,3,0,"N
"2020-06-06 02:38:44",8,2,1,2,2,5,1,1,2,1,1,2,421,1,3,1,0,3,0,"N
"2020-06-06 15:18:06",6,0,0,1,0,1,1,1,1,1,1,1,422,1,2,1,0,0,0,"N
"2020-06-06 16:27:40",3,1,1,1,2,4,3,2,1,1,2,1,423,1,0,0,2,3,1,"N
"2020-06-06 20:18:37",3,2,2,1,2,2,5,1,1,3,2,2,424,1,2,4,0,2,0,"N
"2020-06-06 20:20:42",10,2,2,1,1,1,5,1,1,2,2,2,425,1,2,4,0,2,0,"N
"2020-06-06 20:22:11",10,2,1,1,1,1,5,1,1,2,1,2,426,1,2,4,0,2,0,"N
"2020-06-06 23:42:53",1,3,2,3,2,0,1,2,2,1,1,2,427,3,0,0,0,3,0,"N
"2020-06-07 21:23:54",3,0,1,1,1,1,1,1,1,1,1,2,428,1,2,0,0,3,1,"N
"2020-06-07 22:13:45",5,0,2,1,2,4,2,1,1,1,2,2,429,1,3,0,0,1,0,"N
"2020-06-08 00:14:43",3,3,2,1,2,1,1,1,1,1,2,1,430,1,0,0,0,0,0,"N
"2020-06-08 19:59:35",20,3,2,1,2,5,1,1,1,1,1,1,433,4,3,0,0,1,1,"N
"2020-06-08 20:02:14",20,3,2,1,1,5,1,1,1,1,1,1,434,4,3,0,0,1,1,"N
"2020-06-08 20:55:28",7,2,1,1,1,5,4,1,1,2,1,2,435,1,4,0,0,0,0,"N
"2020-06-09 00:19:33",10,0,1,1,2,1,1,2,3,4,1,2,436,1,2,0,0,1,0,"N
"2020-06-09 01:24:44",2,0,2,1,2,1,1,1,1,2,0,2,437,1,1,1,0,2,0,"N
"2020-06-09 12:01:12",1,2,2,3,0,1,1,1,1,1,2,2,438,1,3,0,0,5,1,"N
"2020-06-09 16:13:05",5,2,2,1,2,2,1,3,1,2,2,1,439,1,1,1,0,0,1,"N
"2020-06-09 21:31:22",1,0,2,1,2,1,1,0,2,1,2,2,440,1,1,1,0,3,0,"N
"2020-06-09 21:35:31",1,0,2,1,2,1,1,1,2,1,1,2,441,1,1,0,0,3,0,"N
"2020-06-09 21:37:51",1,0,1,1,2,1,1,2,1,2,2,2,442,1,0,4,0,3,0,"N
"2020-06-09 21:38:03",5,1,1,2,2,0,1,1,1,3,1,2,443,1,1,0,2,3,0,"N
"2020-06-09 22:02:44",3,2,1,1,2,2,1,2,2,1,1,2,444,1,2,1,0,3,0,"N
"2020-06-10 02:40:01",13,0,2,1,2,1,1,0,1,1,1,2,445,1,2,1,0,3,0,"N
"2020-06-10 18:06:39",9,3,2,1,2,1,1,1,1,1,1,1,447,2,1,0,0,0,0,"N
"2020-06-10 21:13:31",1,3,1,2,1,1,3,1,2,2,1,1,448,1,1,2,1,1,0,"N
"2020-06-11 03:14:22",2,2,1,1,1,1,1,1,2,1,2,2,449,1,0,1,0,0,0,"N
"2020-06-11 07:33:17",6,3,1,2,1,1,1,1,1,1,1,2,450,1,2,0,1,3,1,"N
"2020-06-11 21:36:11",16,0,2,3,2,3,1,2,3,4,2,2,451,1,3,0,0,3,0,"N
"2020-06-11 21:54:12",1,0,1,1,1,1,1,1,2,1,1,2,452,4,0,1,0,2,0,"N
"2020-06-12 03:21:15",1,0,2,0,2,1,1,1,1,1,1,2,453,1,4,0,0,2,1,"N
"2020-06-12 16:54:41",15,2,2,3,2,4,1,3,2,4,2,2,456,2,2,0,0,2,0,"N
"2020-06-12 17:09:42",3,3,2,1,1,5,6,2,1,4,2,2,457,1,2,0,0,1,0,"N
"2020-06-12 19:09:30",3,2,1,2,1,2,4,1,1,2,1,2,458,1,2,1,4,5,0,"N
"2020-06-15 00:06:14",2,2,2,1,2,5,4,3,3,4,2,2,460,1,2,1,0,0,0,"N
"2020-06-15 14:29:12",5,2,2,2,2,1,1,1,1,1,1,2,461,1,2,1,0,2,0,"N
"2020-06-15 15:13:11",6,1,1,1,1,4,2,2,1,1,1,2,462,1,0,0,1,3,0,"N
"2020-06-15 18:40:14",3,2,1,3,2,1,3,1,3,3,2,1,463,3,5,4,4,5,0,"N
"2020-06-16 01:08:56",31,3,2,0,0,0,1,1,1,0,0,2,464,1,3,0,0,1,0,"N
"2020-06-16 20:32:11",6,2,1,1,2,1,1,1,1,0,0,2,465,1,3,1,0,2,0,"N
"2020-06-19 00:13:31",6,0,1,1,1,1,1,1,1,1,1,2,468,1,2,0,1,3,1,"N
"2020-06-19 02:11:11",5,0,2,1,1,1,1,1,2,1,1,2,469,1,1,0,1,0,1,"N
"2020-06-19 21:06:54",15,2,1,1,2,1,1,1,1,2,1,2,470,1,3,1,0,4,0,"N
"2020-06-22 02:40:00",1,0,1,1,1,1,1,1,1,1,1,2,472,1,1,0,4,4,1,"N
"2020-06-22 16:56:27",3,2,2,2,2,4,5,2,2,4,2,2,473,1,1,1,0,2,0,"N
"2020-06-22 16:59:38",3,2,2,1,2,1,4,2,2,4,2,2,474,1,1,1,0,2,0,"N
"2020-06-23 15:00:52",17,1,2,1,2,1,1,0,0,4,2,2,475,1,3,1,0,5,0,"N
"2020-06-23 18:46:16",35,0,2,3,2,1,1,1,1,4,2,2,476,1,3,0,0,0,1,"N
"2020-06-23 18:55:12",8,0,0,1,0,5,0,3,0,4,2,2,477,3,2,1,0,3,1,"N
"2020-06-23 21:16:46",10,2,1,1,1,4,1,3,2,4,2,2,478,1,2,0,0,2,0,"N
"2020-06-24 13:23:52",3,0,1,0,2,1,1,1,1,4,1,2,479,1,3,1,0,2,0,"N
"2020-06-25 02:25:47",11,2,2,1,2,2,1,1,2,1,1,1,480,1,1,1,0,1,0,"N
"2020-06-25 13:53:20",15,1,1,1,2,1,5,2,2,4,1,2,481,1,3,0,0,2,0,"N
"2020-06-25 14:36:30",3,2,1,1,2,4,5,2,3,4,2,2,482,4,0,0,0,3,1,"N
"2020-06-25 16:20:55",1,2,2,1,1,4,6,2,3,4,1,2,483,1,1,0,0,3,0,"N
"2020-06-25 16:30:37",1,2,1,1,2,1,1,1,1,1,1,2,484,3,4,0,0,3,1,"N
"2020-06-26 01:07:00",2,2,1,1,1,1,1,1,2,2,1,2,485,4,1,0,0,3,0,"N
"2020-06-26 01:36:14",1,0,0,1,1,1,1,1,2,1,1,2,486,1,5,4,4,5,0,"N
"2020-06-26 14:39:35",2,1,2,3,2,2,5,2,1,2,2,1,487,1,5,4,4,1,0,"N
"2020-06-26 20:46:49",1,2,2,3,2,5,6,3,2,4,2,2,488,4,1,0,0,3,0,"N
"2020-06-26 22:46:15",1,0,1,1,1,0,5,1,2,3,0,2,489,1,1,0,0,3,0,"N
"2020-06-27 00:10:55",2,0,2,1,1,1,1,1,1,4,1,2,490,1,0,0,0,3,0,"N
"2020-06-27 00:21:53",1,2,1,1,1,2,1,1,2,1,1,2,491,1,0,0,0,3,0,"N
"2020-06-27 01:42:36",1,1,1,1,1,1,1,1,1,2,1,2,492,1,0,0,0,3,0,"N
"2020-06-27 07:41:47",1,2,2,0,2,5,6,2,2,4,2,2,493,1,5,4,4,5,1,"N
"2020-06-28 02:56:26",1,2,1,2,2,2,1,2,2,1,2,2,494,1,2,4,0,2,0,"N
"2020-06-28 05:35:40",12,2,0,1,1,3,1,1,2,2,1,2,495,1,3,0,0,1,1,"N
"2020-06-28 13:45:55",1,2,2,1,2,1,6,1,1,4,2,2,496,3,2,0,0,3,0,"N
"2020-06-29 17:52:46",3,0,1,1,1,1,1,2,1,1,1,1,497,1,0,0,0,0,0,"N
"2020-06-29 20:34:55",2,0,1,1,1,1,2,1,2,1,1,2,498,1,1,1,0,2,0,"N
"2020-06-30 01:32:15",1,0,1,1,2,1,6,2,1,1,1,1,500,1,2,1,0,0,0,"N
"2020-06-30 02:31:30",4,2,2,2,2,3,4,1,1,2,1,2,501,8,2,4,4,5,1,"N
"2020-06-30 20:06:32",1,4,2,1,1,3,1,2,2,3,0,1,502,1,0,0,0,0,0,"N
"2020-06-30 21:06:35",15,0,1,1,2,2,1,1,1,3,0,2,503,1,4,1,0,0,0,"N
"2020-07-01 11:49:44",24,0,2,2,2,1,1,1,1,4,1,2,504,2,2,0,0,2,1,"N
"2020-07-01 20:50:48",2,2,1,1,1,1,2,2,1,1,0,2,505,1,0,0,0,3,0,"N
"2020-07-02 14:02:11",1,2,1,1,1,3,4,1,2,4,1,1,506,1,0,0,0,0,0,"N
"2020-07-02 14:41:14",1,3,1,2,2,3,1,2,2,2,1,2,507,1,1,0,0,3,0,"N
"2020-07-03 01:37:25",5,3,1,2,2,4,1,2,1,3,1,2,508,1,3,0,0,2,0,"N
"2020-07-03 01:42:03",5,3,1,2,2,2,1,1,1,3,1,2,509,1,5,4,4,5,0,"N
"2020-07-03 19:20:19",5,0,2,1,2,1,1,1,2,4,2,2,510,1,1,0,0,3,0,"N
"2020-07-03 19:20:56",3,2,1,1,1,5,5,1,1,2,2,2,511,3,1,0,1,3,1,"N
"2020-07-03 19:22:40",5,1,1,1,1,3,1,1,1,4,2,2,512,1,0,0,0,3,0,"N
"2020-07-03 19:23:18",5,0,1,1,2,1,1,2,1,1,1,2,513,3,1,0,0,1,0,"N
"2020-07-03 19:37:37",1,1,2,1,2,3,4,3,2,2,2,2,514,6,1,0,0,3,0,"N
"2020-07-03 20:13:54",3,0,1,1,2,2,1,1,1,1,1,2,515,3,1,0,0,0,0,"N
"2020-07-03 20:54:06",12,0,2,1,2,1,1,1,2,1,1,2,516,6,1,0,0,1,0,"N
"2020-07-03 20:54:51",1,2,1,1,1,4,1,2,2,2,0,2,517,1,1,3,0,5,0,"N
"2020-07-04 01:11:33",29,0,1,0,2,5,1,2,2,3,1,2,518,1,3,1,0,3,0,"N
"2020-07-04 01:13:11",3,0,1,1,2,0,2,1,2,1,1,2,519,1,0,0,0,4,1,"N
"2020-07-04 22:58:03",16,0,2,0,2,0,0,1,1,0,0,2,520,4,4,0,0,3,1,"N
"2020-07-06 23:33:48",1,2,1,1,1,1,6,1,1,1,2,2,521,1,1,0,0,4,0,"N
"2020-07-07 06:32:23",1,2,1,1,1,3,1,2,2,1,1,2,522,3,1,1,0,3,0,"N
"2020-07-09 02:54:29",1,2,2,2,1,4,1,1,1,4,2,2,523,6,1,0,0,2,1,"N
"2020-07-09 14:36:39",1,0,1,1,1,2,1,1,1,3,1,2,524,1,0,0,0,3,0,"N
"2020-07-09 14:53:52",1,2,1,1,1,1,1,1,1,1,1,2,525,1,0,0,0,3,0,"N
"2020-07-10 06:27:32",22,0,1,1,1,1,1,1,1,1,1,2,527,1,4,1,0,3,0,"N
"2020-07-10 14:17:15",1,2,1,3,1,1,3,1,1,2,1,1,528,1,1,0,0,3,0,"N
"2020-07-10 14:54:05",1,2,1,2,1,4,4,2,1,2,1,1,529,1,1,0,0,3,0,"N
"2020-07-10 15:25:49",4,2,1,1,1,2,3,1,1,1,1,1,530,1,1,0,0,3,0,"N
"2020-07-11 16:31:29",2,2,2,1,1,2,4,2,3,4,0,1,531,3,2,2,2,3,0,"N
"2020-07-12 16:23:02",3,0,2,2,2,1,1,1,1,1,1,2,532,1,3,1,0,2,0,"N
"2020-07-13 20:02:30",3,1,1,1,1,1,1,1,1,1,1,2,533,1,1,1,0,2,0,"N
"2020-07-14 18:23:10",6,2,2,1,1,2,1,1,3,1,1,2,534,1,0,0,0,3,0,"N
"2020-07-14 18:48:26",42,2,1,1,2,3,5,2,1,3,1,2,535,1,4,0,0,4,1,"N
"2020-07-14 21:26:31",4,1,1,1,1,1,1,1,1,1,1,2,536,1,0,4,4,2,0,"N
"2020-07-15 00:08:37",4,2,1,1,2,2,1,1,2,2,2,2,537,1,1,0,0,2,1,"N
"2020-07-15 00:43:01",1,2,2,1,2,2,1,2,2,2,2,2,538,1,0,1,0,2,0,"N
"2020-07-15 20:51:10",8,2,0,1,2,1,1,1,2,1,1,2,539,1,3,1,0,2,0,"N
"2020-07-16 23:47:11",1,2,1,1,1,2,1,2,1,1,1,2,540,4,1,0,0,2,1,"N
"2020-07-17 01:28:57",2,2,1,1,1,1,1,2,1,1,1,1,541,1,1,1,1,3,1,"N
"2020-07-17 14:03:19",4,2,1,1,1,1,1,1,1,1,1,1,542,1,0,0,0,2,0,"N
"2020-07-17 15:56:13",1,2,1,1,2,4,1,2,2,0,1,1,543,1,5,4,4,5,0,"N
"2020-07-17 20:01:17",8,2,2,1,2,1,1,1,2,1,1,2,544,1,1,0,0,3,0,"N
"2020-07-17 20:13:37",5,2,2,1,1,1,1,1,2,1,1,2,545,1,1,0,0,3,0,"N
"2020-07-18 01:15:57",6,2,2,1,2,2,0,2,3,0,0,2,546,1,0,0,0,3,0,"N
"2020-07-19 02:19:43",1,0,1,1,1,2,2,1,2,2,2,2,547,1,1,0,0,2,0,"N
"2020-07-22 07:43:07",1,2,2,2,2,1,1,1,1,4,1,2,548,1,2,0,1,2,0,"N
"2020-07-23 01:22:08",1,0,1,1,1,1,1,1,2,1,1,1,549,1,0,1,0,2,0,"N
"2020-07-23 02:49:57",2,0,2,2,2,1,1,1,1,2,1,2,550,1,0,0,0,3,0,"N
"2020-07-23 04:24:00",1,1,1,1,1,1,1,1,1,1,1,2,551,1,0,0,1,3,0,"N
"2020-07-23 06:49:50",3,0,2,3,2,4,2,2,2,4,2,2,552,3,1,0,1,3,0,"N
"2020-07-23 09:27:10",1,0,1,1,1,1,1,1,1,1,1,2,553,1,1,0,1,3,0,"N
"2020-07-23 12:13:22",2,0,1,1,1,2,1,2,1,1,1,2,554,2,5,4,4,5,0,"N
"2020-07-24 23:52:32",7,0,1,1,1,5,1,3,1,1,1,1,555,1,4,0,0,4,0,"N
"2020-07-25 03:08:02",2,2,1,2,2,1,2,1,1,1,1,2,556,1,0,0,0,1,0,"N
"2020-07-25 05:31:00",1,0,1,1,1,1,1,1,1,1,1,1,557,1,0,1,1,0,1,"N
"2020-07-26 15:22:31",19,0,0,1,2,1,1,1,1,1,1,2,558,1,3,1,0,0,0,"N
"2020-07-27 16:23:35",1,2,1,2,2,1,1,1,1,1,1,2,559,6,1,1,0,3,1,"N
"2020-07-27 16:29:35",1,1,1,1,2,3,3,2,2,2,2,2,560,1,1,1,0,3,0,"N
"2020-07-27 16:35:54",2,2,2,1,1,3,6,3,3,4,1,1,561,12,4,2,2,3,0,"N
"2020-07-27 16:44:34",2,3,2,2,2,1,4,2,2,1,2,1,562,1,1,1,0,2,0,"N
"2020-07-27 18:36:50",2,2,2,1,2,0,2,0,1,1,1,1,563,1,2,1,0,1,1,"N
"2020-07-28 20:38:08",1,0,0,1,1,1,1,1,1,1,1,2,565,1,3,0,0,2,0,"N
"2020-07-29 01:47:39",7,3,2,2,2,0,1,2,1,3,2,2,566,1,3,0,0,3,0,"N
"2020-07-29 04:00:01",30,2,1,1,1,1,1,1,1,2,1,2,567,3,3,1,0,0,0,"N
"2020-07-29 04:13:58",2,0,1,1,2,3,1,2,2,2,2,2,568,5,0,4,0,2,1,"N
"2020-07-29 06:04:07",1,2,2,1,1,4,1,1,2,2,2,2,569,3,2,0,0,2,0,"N
"2020-07-29 07:49:53",8,2,1,1,1,4,1,1,2,3,0,2,570,3,1,1,0,3,0,"N
"2020-07-29 08:08:15",2,0,2,1,1,1,1,1,2,2,1,2,571,3,0,2,0,5,0,"N
"2020-07-30 03:49:49",4,0,1,1,0,1,1,1,1,2,0,1,572,1,0,1,0,0,1,"N
"2020-07-30 13:08:47",5,1,2,3,2,3,1,2,2,3,1,2,573,1,3,0,0,2,0,"N
"2020-07-30 16:38:48",2,0,1,1,2,1,1,1,2,2,1,2,574,3,1,0,0,2,0,"N
"2020-07-30 17:03:19",14,3,2,1,2,0,1,0,1,0,0,2,575,1,2,1,0,3,0,"N
"2020-07-30 19:17:29",8,2,1,0,1,0,1,0,2,1,1,1,576,1,4,1,1,0,0,"N
"2020-07-30 22:07:52",2,2,1,1,1,1,1,2,1,1,1,2,577,3,1,1,0,2,0,"N
"2020-07-30 22:15:33",4,2,1,1,1,1,1,1,1,0,0,2,578,3,2,1,0,2,0,"N
"2020-07-31 05:26:30",2,2,2,1,1,1,1,1,1,1,1,2,579,1,2,1,0,1,1,"N
"2020-08-03 05:57:23",1,2,1,2,1,1,1,1,2,3,2,1,580,1,1,1,0,0,0,"N
"2020-08-04 16:31:19",3,1,2,2,2,1,2,0,2,4,0,2,581,1,1,0,0,2,0,"N
"2020-08-04 19:21:29",13,0,0,0,0,0,0,0,0,0,0,2,582,10,5,4,4,5,0,"N
"2020-08-04 23:59:51",2,1,1,1,2,3,3,2,1,1,1,1,583,1,1,0,0,2,0,"N
"2020-08-05 18:54:38",2,0,1,1,1,1,1,1,2,1,1,1,584,1,0,0,0,2,1,"N
"2020-08-05 19:33:00",2,3,2,2,2,3,4,2,3,3,2,1,585,1,0,0,0,2,0,"N
"2020-08-05 20:17:34",13,2,1,1,0,0,1,0,1,1,0,2,586,1,2,1,0,2,0,"N
"2020-08-06 14:16:16",16,2,0,2,0,0,6,1,1,0,0,2,587,1,4,0,0,0,0,"N
"2020-08-06 16:06:06",2,0,1,2,1,1,1,1,1,2,1,1,588,1,0,0,1,2,1,"N
"2020-08-06 21:10:36",10,0,1,1,1,0,2,1,3,1,0,1,590,1,1,0,0,1,0,"N
"2020-08-06 23:18:52",20,0,1,1,1,0,1,0,2,3,0,2,591,1,1,1,0,0,0,"N
"2020-08-07 04:20:25",2,2,2,1,1,3,1,2,2,2,1,1,592,1,0,0,0,3,0,"N
"2020-08-09 00:28:11",1,3,1,1,1,1,1,1,1,1,1,2,593,1,2,0,0,4,0,"N
"2020-08-09 04:08:24",4,2,1,2,2,2,1,2,1,2,1,2,594,1,1,1,0,2,0,"N
"2020-08-10 19:51:13",13,2,1,2,2,1,1,1,1,1,1,2,595,1,3,1,0,4,0,"N
"2020-08-11 00:16:59",15,2,1,1,2,1,1,1,1,1,1,2,596,1,2,1,0,3,0,"N
"2020-08-11 03:41:13",1,2,0,1,0,3,2,1,2,4,2,2,597,1,0,0,0,2,0,"N
"2020-08-11 05:43:41",8,2,1,2,1,1,1,1,1,0,0,2,598,1,2,0,0,3,0,"N
"2020-08-11 21:43:43",4,0,1,1,2,4,4,1,2,4,2,2,599,1,0,0,0,1,1,"N
"2020-08-12 13:19:15",12,0,2,3,2,5,3,3,0,4,0,1,600,1,4,0,0,3,1,"N
"2020-08-12 14:58:25",18,2,1,0,2,1,1,1,1,1,0,2,601,1,3,1,0,1,0,"N
"2020-08-13 18:22:52",3,2,2,2,2,2,4,1,3,3,2,1,602,5,3,1,0,2,1,"N
"2020-08-13 20:08:47",2,2,1,2,2,2,2,1,1,1,1,2,603,1,0,0,0,2,0,"N
"2020-08-13 20:29:53",5,3,1,1,1,1,1,1,2,1,1,1,604,1,0,0,0,2,1,"N
"2020-08-14 04:09:34",4,0,1,1,1,1,1,1,2,4,1,1,605,1,1,0,0,1,0,"N
"2020-08-15 20:49:36",1,2,1,1,1,2,1,2,1,1,1,2,606,1,0,1,0,2,1,"N
"2020-08-19 07:10:05",1,0,1,2,2,4,1,1,2,1,1,1,607,1,1,0,1,4,0,"N
"2020-08-19 07:10:05",1,0,1,2,2,4,1,1,2,1,1,1,608,1,1,0,1,3,0,"N
"2020-08-19 07:10:07",1,0,1,2,2,4,1,1,2,1,1,1,609,1,1,0,1,3,0,"N
"2020-08-23 07:40:00",5,0,1,1,1,1,1,1,2,1,1,2,610,3,1,1,1,2,0,"N
"2020-08-24 15:06:24",3,2,1,1,1,1,1,1,1,1,1,2,611,1,4,2,2,0,0,"N
"2020-08-24 20:44:09",4,2,2,3,2,3,2,2,2,3,2,2,612,1,1,1,0,2,1,"N
"2020-08-25 12:38:23",15,4,1,1,0,2,5,2,1,2,0,2,613,6,0,0,0,0,0,"N
"2020-08-31 21:15:22",7,2,1,1,1,1,1,1,1,3,1,1,614,1,2,1,0,0,0,"N
"2020-09-03 14:50:19",10,0,2,1,1,5,1,1,1,2,1,2,617,1,1,0,0,0,1,"N
"2020-09-04 18:04:11",3,3,1,1,1,0,1,1,1,1,1,2,618,1,1,0,0,2,0,"N
"2020-09-05 14:18:59",3,3,2,1,1,5,1,1,1,1,0,1,619,1,3,0,0,1,0,"N
"2020-09-05 17:30:12",18,2,1,1,2,1,6,1,1,4,1,1,620,1,2,0,0,1,0,"N
"2020-09-06 04:32:15",1,0,2,1,1,1,1,1,2,1,1,2,621,1,0,1,0,1,0,"N
"2020-09-06 11:16:47",13,0,1,1,1,0,1,1,1,1,1,2,622,1,2,1,0,2,0,"N
"2020-09-06 16:49:46",12,0,2,2,2,0,1,0,0,0,0,2,623,1,3,0,0,2,0,"N
"2020-09-06 21:43:59",3,3,1,1,1,1,1,1,1,2,1,2,624,1,1,1,0,3,0,"N
"2020-09-07 03:03:08",8,2,1,1,2,1,4,1,1,1,1,1,625,1,1,0,0,0,0,"N
"2020-09-07 11:07:50",5,0,1,1,2,1,1,1,1,1,1,2,626,1,3,1,0,2,0,"N
"2020-09-07 16:18:15",1,0,2,1,2,5,1,1,3,4,1,2,628,1,0,1,0,2,1,"worker"
"2020-09-07 20:03:50",5,2,1,3,2,1,1,1,1,1,1,2,629,1,2,1,0,2,0,"worker"
"2020-09-07 23:28:31",5,1,1,2,2,3,2,3,2,3,2,2,631,1,1,0,0,1,0,"employer"
"2020-09-08 13:28:40",25,2,2,1,2,1,2,0,0,4,2,2,632,1,4,1,0,3,1,"worker"
"2020-09-08 13:28:47",25,2,2,1,2,1,2,0,0,4,2,2,633,1,4,1,0,3,1,"worker"
"2020-09-08 14:14:28",1,2,1,1,1,1,2,1,1,1,1,2,634,1,0,0,1,2,1,"worker"
"2020-09-08 15:51:37",1,2,1,1,1,0,1,1,1,1,1,2,635,1,0,0,0,0,0,"worker"
"2020-09-08 17:52:47",3,3,1,1,1,1,1,1,1,1,0,1,636,1,2,0,0,1,0,"worker"
"2020-09-08 20:56:19",9,3,2,1,1,5,1,1,1,1,1,1,637,1,0,0,0,3,0,"worker"
"2020-09-09 08:40:09",8,0,1,1,1,1,1,1,1,1,1,2,638,1,3,0,0,0,1,"worker"
"2020-09-09 16:10:37",1,2,2,2,2,3,1,0,1,1,0,2,639,1,2,0,0,5,0,"worker"
"2020-09-09 19:52:39",1,2,1,2,1,1,6,1,1,1,1,1,640,1,4,1,0,1,0,"worker"
"2020-09-10 09:10:57",34,3,2,2,2,1,2,1,1,4,0,2,641,1,4,0,0,2,0,"worker"
"2020-09-10 17:18:48",10,2,1,1,0,1,1,1,1,1,1,2,642,1,3,1,0,3,0,"worker"
"2020-09-10 17:18:48",10,2,1,1,0,1,1,1,1,1,1,2,643,1,3,1,0,3,0,"worker"
"2020-09-10 17:18:56",10,2,1,1,0,1,1,1,1,1,1,2,644,1,3,1,0,2,0,"worker"
"2020-09-10 17:53:52",2,2,2,2,1,2,3,2,3,3,2,1,645,1,5,4,4,5,0,"worker"
"2020-09-10 20:41:11",5,0,2,1,1,3,2,3,3,2,1,2,646,1,1,4,0,1,0,"employer"
"2020-09-10 20:42:41",5,0,2,1,1,3,2,3,3,2,1,2,647,1,1,4,0,3,0,"employer"
"2020-09-10 20:43:04",5,0,2,1,1,3,2,3,3,2,1,1,648,1,3,4,0,3,0,"employer"
"2020-09-10 20:44:03",5,1,1,1,1,1,1,3,2,1,1,1,649,1,1,4,0,3,0,"employer"
"2020-09-10 20:44:29",5,1,1,1,1,1,1,3,2,1,1,1,650,1,2,4,0,3,0,"employer"
"2020-09-10 20:44:40",5,1,1,1,1,1,1,3,2,1,1,1,651,2,2,4,0,3,0,"employer"
"2020-09-10 20:45:02",5,1,1,1,1,1,1,3,2,3,2,1,652,1,3,4,0,3,0,"employer"
"2020-09-11 11:28:25",3,2,1,2,2,1,1,1,1,1,1,2,653,1,2,0,0,2,0,"worker"
"2020-09-11 14:38:09",1,2,1,1,2,1,1,1,1,4,2,2,654,1,1,0,0,2,0,"worker"
"2020-09-11 15:56:19",10,2,1,1,1,1,1,1,2,1,1,2,655,1,3,1,0,0,0,"worker"
"2020-09-11 15:57:21",23,2,0,1,0,1,1,1,2,1,0,2,656,1,4,1,0,0,1,"worker"
"2020-09-11 21:26:13",6,0,1,1,1,1,1,1,1,3,1,1,657,1,2,1,0,0,1,"worker"
"2020-09-11 22:11:08",4,3,1,1,1,1,1,1,1,1,1,2,658,10,3,0,0,1,0,"worker"
"2020-09-12 09:03:05",29,2,1,1,1,1,1,1,1,2,1,2,659,1,4,0,0,3,0,"worker"
"2020-09-12 17:02:35",10,2,1,1,1,1,3,1,1,1,1,1,660,1,3,1,0,1,0,"worker"
"2020-09-12 18:57:50",2,0,2,1,2,1,1,1,1,1,0,2,661,1,2,0,0,2,1,"employer"
"2020-09-12 21:31:47",11,0,2,1,0,0,1,1,1,0,0,1,662,1,2,0,0,0,0,"worker"
"2020-09-13 04:52:58",4,2,1,0,1,1,1,2,1,3,1,2,663,1,1,1,1,3,0,"worker"
"2020-09-13 08:16:35",1,2,1,1,1,4,1,1,1,2,1,2,664,1,4,1,1,2,0,"worker"
"2020-09-13 13:31:10",20,2,1,1,2,1,1,1,1,1,1,1,665,1,2,0,0,3,0,"worker"
"2020-09-14 00:09:25",12,0,1,1,1,1,0,0,1,1,1,2,666,1,4,0,0,5,0,"worker"
"2020-09-14 15:40:01",23,2,1,1,1,1,1,1,2,1,1,2,667,1,4,1,0,0,0,"worker"
"2020-09-14 16:31:45",10,2,2,1,2,1,5,2,1,4,2,2,668,1,3,0,0,3,0,"worker"
"2020-09-14 16:31:57",10,2,2,1,2,1,5,2,1,4,2,2,669,1,3,0,0,3,0,"worker"
"2020-09-14 16:35:11",10,2,1,1,1,1,5,2,1,4,2,2,670,1,3,0,0,3,0,"worker"
"2020-09-14 18:52:29",2,1,1,2,1,2,4,2,2,3,2,2,671,1,0,0,0,0,0,"worker"
"2020-09-15 13:38:52",2,2,1,1,1,1,5,1,1,2,1,2,672,1,4,0,0,4,1,"worker"
"2020-09-15 13:47:20",9,0,1,1,2,1,1,1,2,1,1,2,673,1,3,1,0,1,0,"worker"
"2020-09-15 14:10:21",3,2,1,2,1,1,1,1,1,1,1,2,674,1,2,0,0,2,0,"worker"
"2020-09-15 15:14:23",1,0,2,0,0,1,1,2,1,1,1,1,675,1,0,0,0,0,1,"worker"
"2020-09-15 16:03:59",12,2,1,2,1,1,1,1,1,1,0,2,676,1,1,1,0,1,0,"worker"
"2020-09-15 16:24:08",18,2,1,2,2,1,1,1,1,4,2,2,677,1,4,1,0,4,0,"worker"
"2020-09-15 16:38:19",2,1,2,1,2,1,1,1,1,2,2,2,678,1,1,1,0,5,0,"worker"
"2020-09-15 22:19:59",18,0,2,2,2,1,1,1,1,4,2,2,679,1,2,1,0,2,1,"worker"
"2020-09-16 06:43:43",1,0,1,1,1,1,1,1,1,1,1,1,680,2,2,1,0,2,0,"worker"
"2020-09-16 14:58:46",24,0,1,3,2,1,1,1,1,4,1,2,681,1,2,1,0,4,1,"worker"
"2020-09-16 14:58:46",24,0,1,3,2,1,1,1,1,4,1,2,682,1,2,1,0,4,1,"worker"
"2020-09-16 14:58:51",24,0,1,3,2,1,1,1,1,4,1,2,683,1,2,1,0,3,1,"worker"
"2020-09-16 19:36:58",21,2,2,0,2,0,0,1,1,0,0,2,684,1,3,1,0,2,0,"employer"
"2020-09-16 20:08:43",1,0,1,1,1,0,0,1,1,1,1,2,685,1,1,0,1,4,0,"worker"
"2020-09-16 20:20:13",17,0,1,1,2,1,1,1,1,1,0,2,686,1,2,1,0,0,0,"employer"
"2020-09-16 22:02:46",8,3,1,1,2,1,1,1,1,1,1,2,687,1,4,0,1,3,0,"worker"
"2020-09-16 22:39:31",21,2,1,1,1,1,1,1,2,1,1,2,688,1,2,1,0,0,0,"worker"
"2020-09-16 23:18:22",8,2,1,2,2,1,2,1,1,4,0,2,689,1,2,1,0,3,0,"worker"
"2020-09-17 02:28:50",1,2,1,2,2,1,1,1,1,2,0,2,690,1,2,1,0,2,1,"employer"
"2020-09-17 12:59:05",4,3,1,1,2,2,1,2,1,1,1,1,691,1,2,0,0,1,1,"employer"
"2020-09-17 13:58:25",17,2,2,3,2,5,6,2,2,4,2,2,692,3,3,1,0,0,0,"worker"
"2020-09-17 16:36:30",23,3,2,1,2,1,1,1,1,2,1,2,693,1,3,0,0,2,1,"worker"
"2020-09-17 17:07:27",4,0,1,2,2,1,1,1,0,2,1,2,694,1,3,1,0,2,1,"worker"
"2020-09-17 17:28:28",1,2,1,1,2,1,1,1,2,1,1,2,695,1,2,1,0,2,0,"worker"
"2020-09-17 17:51:23",5,2,1,1,1,1,2,1,1,1,1,2,696,1,1,1,0,1,0,"worker"
"2020-09-17 18:40:06",2,0,1,1,2,1,1,1,1,1,1,1,697,1,0,1,2,3,1,"worker"
"2020-09-17 20:49:59",6,3,1,2,1,2,5,3,3,2,2,1,698,3,4,2,1,2,0,"employer"
"2020-09-18 13:56:13",8,2,1,1,2,3,3,2,3,3,0,1,699,1,2,0,0,1,0,"worker"
"2020-09-19 19:55:27",3,2,1,2,2,1,1,1,1,2,1,2,700,1,1,1,0,2,1,"worker"
"2020-09-21 04:42:52",5,0,1,0,1,0,1,0,1,1,1,2,701,1,4,0,0,3,1,"worker"
"2020-09-22 13:12:44",31,1,2,3,2,1,1,2,3,2,2,2,702,13,3,1,0,3,0,"employer"
"2020-09-22 17:41:52",1,2,1,1,1,3,1,2,1,2,1,2,703,1,0,1,0,2,0,"worker"
"2020-09-22 17:51:32",9,0,1,1,1,1,1,2,2,1,1,1,704,1,1,0,0,3,0,"employer"
"2020-09-24 14:30:17",10,1,2,2,2,1,4,3,3,2,1,1,705,8,4,1,0,0,0,"worker"
"2020-09-24 14:30:54",10,1,2,2,2,1,4,3,3,2,1,1,706,8,4,1,0,3,0,"worker"
"2020-09-28 18:14:01",2,2,1,1,1,1,4,2,1,1,1,1,707,1,0,4,0,1,0,"worker"
"2020-10-01 00:50:20",4,1,2,2,2,1,1,2,1,3,1,1,708,1,1,1,0,0,1,"worker"
"2020-10-01 14:44:14",2,2,1,1,1,2,1,1,1,1,1,2,709,1,0,0,0,3,0,"worker"
"2020-10-01 16:20:32",18,2,1,1,2,1,1,1,1,0,0,2,710,1,3,1,0,1,1,"worker"
"2020-10-01 20:34:40",10,0,2,0,2,5,1,2,3,4,2,2,711,3,4,0,1,2,0,"worker"
"2020-10-02 12:55:43",1,0,1,1,1,1,1,1,1,1,1,1,712,1,1,0,0,1,0,"employer"
"2020-10-03 18:53:42",9,0,1,1,2,1,1,1,1,3,0,2,713,1,3,1,0,4,0,"worker"
"2020-10-04 11:54:53",4,3,2,0,0,2,1,1,1,0,0,1,714,1,2,0,0,1,0,"worker"
"2020-10-04 21:02:42",2,0,2,1,1,1,1,1,2,2,2,1,715,1,0,0,0,3,1,"worker"
"2020-10-05 05:46:22",1,0,2,1,2,1,1,1,1,1,1,2,716,6,1,0,3,1,0,"worker"
"2020-10-05 15:39:20",12,1,1,1,1,1,1,1,1,1,1,2,717,1,4,1,0,3,0,"worker"
"2020-10-06 18:48:28",4,0,1,1,2,1,1,1,1,1,1,2,718,1,2,1,0,0,0,"worker"
"2020-10-06 18:48:28",4,0,1,1,2,1,1,1,1,1,1,2,719,1,2,1,0,0,0,"worker"
"2020-10-06 18:52:16",4,0,2,1,2,0,1,0,1,2,0,2,720,1,2,1,0,0,0,"worker"
"2020-10-06 19:58:58",2,1,1,3,1,3,5,3,0,0,2,1,721,1,2,1,0,2,0,"worker"
"2020-10-06 21:45:42",25,2,0,2,2,2,4,2,2,4,2,1,722,11,0,0,0,0,0,"worker"
"2020-10-06 22:09:44",2,2,1,2,2,3,2,2,2,3,1,1,723,1,1,1,1,2,0,"employer"
"2020-10-07 05:05:14",4,2,2,1,2,0,1,1,1,1,0,1,724,1,1,0,1,1,0,"worker"
"2020-10-07 09:44:49",2,2,1,1,1,1,1,1,1,1,1,2,725,3,1,0,0,3,0,"worker"
"2020-10-07 13:09:19",5,3,2,2,2,4,4,3,1,3,2,1,726,7,3,1,0,3,0,"worker"
"2020-10-07 13:14:34",2,2,2,2,1,2,2,1,2,2,1,1,727,1,2,0,0,1,0,"worker"
"2020-10-08 06:15:46",1,2,2,1,1,1,1,1,1,1,1,1,728,1,0,0,0,2,0,"worker"
"2020-10-08 14:09:32",4,1,1,2,1,2,2,2,3,2,1,1,729,7,2,1,0,3,0,"employer"
"2020-10-08 15:15:37",15,3,0,1,1,1,4,1,0,1,1,2,730,1,1,0,0,5,1,"employer"
"2020-10-08 17:46:46",15,2,0,1,0,1,5,0,1,1,1,2,731,1,4,0,0,5,1,"worker"
"2020-10-09 17:36:43",8,0,2,3,2,1,1,1,0,4,1,2,732,1,4,1,0,5,1,"worker"
"2020-10-09 17:43:56",8,2,1,3,2,1,1,1,2,2,1,2,733,1,4,1,0,1,1,"worker"
"2020-10-10 13:06:57",1,2,1,1,1,1,1,1,1,0,0,2,734,1,3,0,0,1,0,"employer"
"2020-10-11 04:50:16",22,2,2,1,2,0,5,3,1,4,1,1,735,1,4,0,0,0,0,"worker"
"2020-10-11 04:53:29",22,2,2,1,1,4,5,2,1,4,1,1,736,1,4,0,0,0,0,"worker"
"2020-10-11 13:18:42",22,0,2,2,2,1,1,1,0,2,2,2,737,1,4,1,0,4,0,"worker"
"2020-10-13 00:55:15",1,2,2,1,2,0,6,1,2,4,2,1,738,1,0,1,2,2,0,"worker"
"2020-10-13 15:45:24",1,2,1,1,1,1,1,1,1,1,1,2,739,1,0,1,0,0,0,"worker"
"2020-10-14 20:24:14",5,1,2,1,2,2,1,1,1,3,2,2,740,1,2,2,1,3,1,"worker"
"2020-10-15 09:58:31",8,0,1,1,2,1,1,1,2,4,2,2,741,1,2,1,0,0,0,"worker"
"2020-10-15 09:58:32",8,0,1,1,2,1,1,1,2,4,2,2,742,1,2,1,0,0,0,"worker"
"2020-10-15 12:23:50",21,2,1,2,2,1,1,1,0,2,0,2,743,1,3,1,0,2,0,"worker"
"2020-10-15 17:08:28",13,0,1,1,1,0,1,1,2,1,1,2,744,1,4,0,0,2,1,"worker"
"2020-10-16 15:26:37",1,0,1,1,1,1,1,1,2,3,0,2,745,1,3,0,0,1,0,"worker"
"2020-10-16 15:33:38",15,0,2,2,1,2,1,2,2,2,1,1,746,1,3,0,0,1,1,"worker"
"2020-10-16 16:30:37",3,0,0,1,2,0,1,0,1,0,0,2,747,1,2,1,0,5,0,"worker"
"2020-10-17 13:41:34",21,0,1,1,2,1,2,1,1,4,0,2,748,1,2,1,0,0,0,"worker"
"2020-10-17 13:41:45",21,0,1,1,2,1,2,1,1,4,0,2,749,1,2,1,0,5,0,"worker"
"2020-10-18 04:16:40",12,1,1,2,1,3,3,2,3,3,1,1,750,1,1,0,0,3,0,"worker"
"2020-10-19 14:46:15",19,2,1,1,1,1,2,1,2,1,1,2,751,1,4,0,0,1,0,"worker"
"2020-10-19 14:56:35",1,0,2,1,1,1,1,1,2,1,1,2,752,1,3,1,0,0,1,"worker"
"2020-10-19 15:17:55",25,0,0,0,0,1,1,1,2,1,0,2,753,1,3,0,0,0,0,"employer"
"2020-10-19 15:17:55",25,0,0,0,0,1,1,1,2,1,0,2,754,1,3,0,0,0,0,"employer"
"2020-10-19 16:01:48",1,4,2,2,2,1,1,1,2,3,2,1,755,1,0,1,0,2,0,"worker"
"2020-10-20 13:31:55",8,2,1,2,1,1,1,1,0,2,1,2,756,1,4,1,0,5,1,"worker"
"2020-10-20 16:14:18",1,0,2,1,1,2,5,1,1,1,1,2,757,1,1,0,0,0,0,"employer"
"2020-10-21 11:31:15",20,0,0,3,0,0,0,0,0,0,0,2,758,1,5,4,4,5,0,"employer"
"2020-10-21 16:05:35",2,1,1,1,1,1,1,1,1,1,1,2,759,1,1,1,0,2,0,"worker"
"2020-10-22 04:57:21",2,2,1,1,1,2,1,0,1,1,1,2,760,1,0,1,0,1,0,"worker"
"2020-10-22 12:17:00",1,1,1,1,1,1,1,1,1,1,1,2,761,1,0,1,0,2,0,"worker"
"2020-10-22 16:42:49",14,2,2,2,2,0,1,0,0,4,2,2,762,1,3,1,0,2,1,"worker"
"2020-10-23 05:13:16",3,0,1,1,1,1,2,2,1,1,1,1,763,1,2,0,0,0,0,"worker"
"2020-10-23 08:00:20",1,0,1,1,1,1,1,1,1,0,0,2,764,1,1,0,1,3,1,"worker"
"2020-10-23 15:07:03",7,2,2,2,2,5,1,1,3,4,0,2,765,1,0,1,0,4,0,"worker"
"2020-10-23 15:07:03",7,2,2,2,2,5,1,1,3,4,0,2,766,1,0,1,0,4,0,"worker"
"2020-10-25 06:54:14",4,3,1,2,1,3,2,1,2,3,1,1,767,5,1,0,1,1,0,"worker"
"2020-10-25 11:13:51",2,3,1,1,2,1,1,1,1,1,1,2,768,1,2,0,0,2,0,"worker"
"2020-10-25 11:27:19",47,1,2,1,0,1,1,1,1,1,0,2,769,1,5,0,0,2,0,"employer"
"2020-10-26 09:54:25",2,2,1,1,1,1,1,1,1,1,1,2,770,1,1,1,0,1,0,"worker"
"2020-10-26 09:54:25",2,2,1,1,1,1,1,1,1,1,1,2,771,1,1,1,0,1,0,"worker"
"2020-10-26 12:46:19",30,1,1,1,2,1,1,1,2,1,1,2,772,1,4,1,0,3,0,"worker"
"2020-10-27 08:01:03",3,2,1,1,0,4,1,1,2,1,1,2,773,1,0,0,0,2,1,"worker"
"2020-10-27 08:04:51",3,2,1,1,2,4,1,2,2,2,2,2,774,1,0,0,0,2,1,"worker"
"2020-10-27 13:21:38",32,1,2,3,2,0,1,1,1,4,0,2,775,1,4,0,0,3,0,"worker"
"2020-10-27 17:50:19",11,2,2,3,2,0,1,1,1,0,0,2,776,1,2,1,0,0,0,"worker"
"2020-10-28 08:30:16",1,2,1,1,1,1,1,2,2,2,1,2,777,1,1,1,0,3,0,"employer"
"2020-10-28 08:30:16",1,2,1,1,1,1,1,2,2,2,1,2,778,1,1,1,0,3,0,"employer"
"2020-10-28 11:38:13",4,0,1,1,2,1,1,1,1,1,1,2,779,1,4,0,0,2,0,"worker"
"2020-10-29 04:53:38",7,2,1,0,1,1,2,3,1,0,0,2,780,1,3,1,0,3,0,"worker"
"2020-10-29 13:15:24",6,3,2,1,1,0,1,1,1,1,1,1,781,1,3,0,0,1,0,"worker"
"2020-10-29 16:04:34",22,3,2,1,2,2,1,1,1,1,0,2,782,1,2,0,0,1,0,"worker"
"2020-10-30 04:08:27",8,3,2,1,1,1,1,0,1,1,1,1,784,1,2,0,0,4,0,"worker"
"2020-10-30 04:12:53",8,3,2,1,1,0,1,0,1,1,1,1,785,1,2,0,0,1,0,"worker"
"2020-10-30 04:26:02",1,2,1,1,2,1,1,1,1,1,1,2,786,1,0,1,0,2,0,"worker"
"2020-10-30 13:57:46",3,1,2,2,2,1,1,1,3,4,1,1,787,1,1,0,0,2,1,"worker"
"2020-10-30 15:27:45",1,1,1,1,1,1,2,2,1,3,2,2,788,2,0,1,2,2,0,"worker"
"2020-10-31 05:13:00",8,2,1,2,2,0,1,0,1,1,1,2,789,1,2,0,0,1,0,"worker"
"2020-11-01 06:57:23",3,2,1,0,2,0,1,2,0,0,2,2,790,1,3,0,0,2,0,"worker"
"2020-11-01 11:26:58",10,3,2,1,1,1,1,1,1,1,0,2,791,1,3,1,0,0,0,"worker"
"2020-11-01 12:10:10",7,0,1,1,1,1,2,1,1,1,0,2,792,1,0,0,0,0,0,"worker"
"2020-11-01 13:39:43",13,2,2,2,2,1,1,1,1,4,0,2,793,1,2,0,0,0,0,"worker"
"2020-11-02 13:10:26",1,1,1,1,1,1,1,1,1,0,0,2,794,1,2,0,1,2,1,"worker"
"2020-11-02 13:58:34",7,3,1,1,1,1,1,1,1,1,1,1,795,1,3,0,0,0,1,"worker"
"2020-11-03 05:42:46",2,2,1,1,1,1,2,1,2,1,1,2,796,1,0,0,0,4,1,"employer"
"2020-11-03 11:26:40",25,0,1,2,2,1,1,1,1,4,1,2,797,1,4,0,0,0,0,"worker"
"2020-11-04 17:13:53",8,3,1,1,2,1,1,1,1,2,1,2,798,1,4,0,0,0,0,"worker"
"2020-11-04 17:20:18",3,4,2,1,2,1,2,2,2,2,2,2,799,7,0,1,2,2,0,"worker"
"2020-11-04 17:41:22",3,4,2,2,1,2,4,1,3,3,2,1,800,3,0,1,2,2,0,"worker"
"2020-11-05 06:06:26",2,1,1,1,1,1,1,1,1,1,0,2,801,1,3,1,0,3,1,"worker"
"2020-11-05 13:28:56",1,3,1,1,1,2,1,1,1,1,1,2,802,1,2,0,0,0,0,"worker"
"2020-11-05 16:47:55",4,2,1,2,1,1,1,1,1,1,1,2,803,2,1,1,0,3,0,"worker"
"2020-11-05 18:34:26",1,3,1,1,1,1,1,1,1,1,1,1,804,1,2,0,0,0,1,"worker"
"2020-11-06 12:11:25",20,3,2,1,1,0,1,1,1,1,1,2,805,1,3,0,0,1,0,"worker"
"2020-11-06 21:20:20",4,2,1,1,1,2,1,1,2,3,1,2,806,7,2,1,1,3,1,"worker"
"2020-11-07 18:14:02",32,0,1,1,1,1,1,1,1,1,1,2,807,1,3,0,0,3,0,"worker"
"2020-11-08 05:23:52",4,2,1,3,2,4,5,2,1,4,1,2,808,1,3,1,0,0,1,"worker"
"2020-11-08 10:15:22",19,1,2,2,2,0,1,0,1,4,0,2,809,1,3,1,0,2,1,"worker"
"2020-11-08 15:34:28",23,2,1,1,2,3,6,2,1,3,1,2,810,1,4,1,0,3,1,"worker"
"2020-11-08 17:58:21",14,1,2,2,1,1,1,1,1,1,1,2,811,1,5,0,0,0,0,"employer"
"2020-11-08 23:33:24",4,3,2,0,2,1,1,1,0,0,1,2,812,1,0,1,0,0,1,"worker"
"2020-11-09 11:26:53",10,2,1,3,2,0,1,0,1,0,0,2,813,1,3,0,0,3,1,"worker"
"2020-11-09 11:29:01",10,2,1,2,1,0,1,0,1,1,1,2,814,1,3,0,0,3,1,"worker"
"2020-11-09 11:30:57",22,3,2,1,2,1,1,1,1,3,0,2,815,1,3,0,0,1,0,"worker"
"2020-11-10 05:09:46",1,0,2,1,2,1,1,3,1,1,1,2,816,1,0,1,1,2,0,"worker"
"2020-11-10 13:06:21",9,0,0,1,0,0,1,1,1,0,0,1,817,1,3,0,0,4,0,"worker"
"2020-11-11 06:17:51",30,2,1,1,2,0,1,0,2,1,1,2,818,1,3,0,0,1,0,"worker"
"2020-11-11 13:36:33",2,4,1,2,1,1,1,1,1,2,1,1,819,1,0,1,0,2,1,"worker"
"2020-11-13 01:53:28",5,1,2,2,2,0,1,2,1,4,2,2,820,1,0,0,0,2,0,"worker"
"2020-11-13 08:04:30",1,1,1,1,2,1,1,1,2,3,1,2,821,1,2,1,0,1,1,"worker"
"2020-11-13 12:18:10",1,2,1,1,1,1,2,1,1,1,1,2,822,1,0,0,0,3,1,"worker"
"2020-11-13 17:07:48",15,2,2,1,1,1,2,1,1,1,2,1,823,2,2,1,1,2,0,"worker"
"2020-11-14 09:16:13",8,2,1,1,1,1,1,1,2,1,0,1,824,1,2,1,0,3,0,"worker"
"2020-11-14 13:13:04",9,0,1,1,1,0,1,1,1,0,0,2,825,1,2,1,0,2,1,"worker"
"2020-11-14 16:39:58",3,2,1,1,1,1,1,3,1,0,0,2,826,1,0,0,0,0,0,"worker"
"2020-11-15 05:09:40",5,3,1,1,2,1,1,0,1,1,1,1,827,1,2,1,0,0,1,"worker"
"2020-11-15 05:12:14",5,3,1,1,1,1,1,1,1,1,1,1,828,1,2,1,0,0,1,"worker"
"2020-11-15 07:10:22",4,0,1,0,1,1,1,1,1,1,1,1,829,1,1,0,0,1,0,"worker"
"2020-11-16 16:07:47",26,2,1,1,1,1,1,1,1,1,0,2,830,1,3,1,0,1,0,"worker"
"2020-11-16 16:07:49",26,2,1,1,1,1,1,1,1,1,0,2,831,1,3,1,0,1,0,"worker"
"2020-11-16 16:07:57",26,2,1,1,1,1,1,1,1,1,0,2,832,1,3,1,0,5,0,"worker"
"2020-11-16 18:23:41",5,0,1,1,1,1,2,0,2,1,1,2,833,1,2,1,0,5,1,"worker"
"2020-11-16 18:41:48",9,0,1,1,2,1,1,1,0,0,0,2,834,1,4,1,0,1,0,"worker"
"2020-11-17 04:09:12",3,2,1,2,2,1,1,1,1,2,1,2,835,3,1,0,0,3,0,"worker"
"2020-11-17 14:42:55",5,3,1,1,1,3,1,3,1,1,0,1,836,1,1,0,0,1,0,"worker"
"2020-11-19 14:28:48",32,1,2,3,2,1,1,1,1,4,1,2,837,1,3,0,0,2,0,"worker"
"2020-11-19 15:54:34",14,2,1,3,2,1,1,1,1,4,0,2,838,1,2,1,1,0,0,"worker"
"2020-11-19 16:02:58",8,2,0,0,1,2,3,1,3,1,2,1,839,1,3,0,0,0,0,"worker"
"2020-11-24 00:02:39",1,0,1,1,1,2,1,2,2,4,2,2,840,1,3,0,0,2,0,"employer"
"2020-11-24 00:04:55",1,2,2,0,2,2,1,2,2,4,2,2,841,1,3,0,0,2,0,"worker"
"2020-11-24 01:36:43",11,0,1,2,2,1,1,0,1,4,0,2,842,1,2,1,0,3,1,"worker"
"2020-11-25 22:15:36",1,2,1,1,2,3,1,1,2,1,2,2,843,1,0,0,0,2,0,"worker"
"2020-11-28 19:42:58",7,2,1,1,1,1,0,1,1,1,1,2,844,9,4,1,0,3,0,"worker"
"2020-12-01 05:47:58",1,1,1,1,1,3,1,2,2,1,1,2,845,1,0,1,0,2,0,"worker"
"2020-12-03 18:46:22",2,2,2,1,1,2,1,2,2,4,1,2,846,1,2,0,0,3,0,"worker"
"2020-12-05 16:47:41",1,0,2,1,2,4,1,2,3,2,2,2,847,6,1,4,4,5,0,"employer"
"2020-12-10 15:59:05",5,1,2,1,2,2,1,1,1,2,1,2,848,2,1,0,0,3,0,"worker"
"2020-12-14 04:10:04",2,3,0,3,2,1,1,2,1,1,0,2,849,1,3,0,0,0,1,"worker"
"2020-12-16 20:16:20",3,0,0,1,1,1,1,1,1,1,0,2,850,1,2,1,0,2,1,"employer"
"2020-12-17 20:11:34",25,2,2,2,2,0,5,2,3,3,0,1,851,7,1,1,4,3,1,"worker"
"2020-12-17 22:46:01",7,0,1,1,2,1,0,1,1,2,1,2,852,4,3,0,0,1,0,"worker"
"2020-12-22 00:25:16",7,2,2,2,2,1,4,1,3,2,2,1,853,1,1,1,1,0,1,"worker"
"2020-12-27 21:50:06",36,0,2,3,2,0,1,1,0,4,1,2,854,1,4,0,0,2,0,"worker"
"2020-12-28 16:19:25",13,3,1,2,2,2,2,1,1,2,1,2,855,2,3,1,0,2,0,"employer"
"2020-12-29 17:53:08",1,2,2,1,1,1,1,1,1,4,2,2,856,4,1,0,0,5,1,"employer"
"2020-12-30 13:23:08",1,2,1,1,2,1,1,1,1,1,1,2,857,1,5,4,4,5,1,"worker"
"2021-01-03 16:22:05",25,1,2,2,2,0,1,1,1,4,0,2,858,1,3,1,0,3,0,"worker"
"2021-01-03 16:22:05",25,1,2,2,2,0,1,1,1,4,0,2,859,1,3,1,0,3,0,"worker"
"2021-01-05 21:34:58",21,0,1,1,1,1,1,1,1,1,1,2,860,1,3,1,0,0,0,"worker"
"2021-01-06 02:54:54",10,3,1,2,2,1,1,1,1,1,2,2,861,1,3,0,0,3,1,"worker"
"2021-01-07 05:09:04",3,2,2,3,2,1,1,1,1,1,1,2,862,4,2,0,0,0,0,"worker"
"2021-01-08 14:41:58",2,2,1,2,1,2,1,1,1,1,1,2,863,1,4,0,0,3,1,"worker"
"2021-01-09 20:55:30",19,1,2,2,2,0,1,1,1,0,2,2,864,3,3,0,0,3,0,"worker"
"2021-01-10 02:48:00",19,1,2,2,0,1,1,1,1,0,2,2,865,3,3,0,0,3,0,"worker"
"2021-01-10 14:45:32",5,2,1,1,2,1,0,1,1,2,1,2,866,1,2,1,0,3,0,"worker"
"2021-01-12 17:00:46",1,2,2,1,1,1,1,1,1,1,1,2,867,1,5,4,0,5,0,"employer"
"2021-01-12 17:25:42",1,2,2,1,1,1,1,1,1,1,1,2,868,1,5,4,0,3,0,"employer"
"2021-01-12 17:53:49",1,2,2,1,2,3,1,2,2,2,1,2,869,1,5,4,0,3,0,"employer"
"2021-01-13 01:10:19",1,2,2,3,2,1,0,2,2,3,2,2,870,1,3,0,2,3,0,"worker"
"2021-01-25 13:10:51",4,0,1,1,1,1,1,1,1,1,1,2,872,1,0,1,0,2,1,"worker"
"2021-01-26 17:25:17",1,3,1,1,1,5,3,3,3,4,2,1,873,1,0,0,0,1,0,"employer"
"2021-01-26 17:51:03",5,2,1,2,2,3,2,2,1,3,2,2,874,1,2,2,0,2,0,"employer"
"2021-01-28 12:34:15",5,3,1,2,2,3,4,2,2,4,2,1,875,1,2,0,0,1,1,"worker"
"2021-02-04 01:47:21",2,4,1,2,1,1,1,2,2,2,1,1,876,1,1,1,0,0,0,"employer"
"2021-02-07 14:25:17",20,2,2,1,2,1,6,1,3,2,0,2,877,1,3,0,0,3,1,"worker"
"2021-02-09 20:48:18",2,0,1,1,2,1,1,1,1,2,0,2,878,1,1,0,1,3,1,"worker"
"2021-02-12 22:19:50",4,3,1,2,2,2,2,1,2,2,1,1,879,1,1,0,0,1,1,"worker"
"2021-02-19 17:18:47",2,1,2,2,1,3,5,3,3,3,0,1,880,2,0,1,0,0,0,"worker"
"2021-03-01 15:32:33",23,3,2,3,2,4,2,3,1,3,2,2,881,4,1,0,0,2,0,"worker"
"2021-03-08 15:45:10",7,2,2,3,2,5,1,2,1,4,2,2,882,1,2,0,0,3,0,"worker"
"2021-03-08 15:49:19",1,4,0,0,0,0,0,0,0,0,0,2,883,6,5,4,4,5,0,"worker"
"2021-03-11 01:50:47",1,2,2,2,2,0,1,0,2,3,2,2,884,13,2,0,0,1,0,"employer"
"2021-03-12 00:59:13",3,2,1,0,1,5,1,1,2,4,2,2,885,2,1,0,2,3,0,"employer"
"2021-03-16 13:53:49",2,2,1,2,2,2,5,2,1,2,2,1,886,1,1,0,0,2,1,"worker"
"2021-03-17 13:45:42",3,2,1,2,1,1,1,1,2,1,1,1,887,1,0,1,0,3,0,"worker"
"2021-03-17 22:06:04",13,1,1,1,1,1,1,1,1,1,1,2,888,1,2,0,0,3,0,"worker"
"2021-03-22 01:58:35",2,4,2,2,2,2,4,1,3,2,0,1,889,7,3,3,3,2,0,"worker"
"2021-03-23 16:25:01",6,2,1,1,2,3,1,2,1,1,1,1,890,1,0,1,0,2,1,"worker"
"2021-03-23 16:27:23",6,2,1,1,2,2,1,2,1,1,1,1,891,1,0,1,0,0,1,"worker"
"2021-03-24 02:59:31",1,0,2,1,1,0,1,1,3,1,1,2,892,1,0,1,0,2,1,"worker"
"2021-03-24 03:14:06",2,0,1,1,1,2,1,2,2,1,2,2,893,1,0,0,0,2,0,"worker"
"2021-03-25 05:23:13",2,2,2,1,1,1,1,1,1,1,1,2,894,3,1,0,0,3,0,"worker"
"2021-03-26 00:14:02",6,2,1,1,1,1,1,2,2,3,1,2,895,1,1,0,0,1,0,"employer"
"2021-03-27 10:51:04",2,2,1,1,2,3,2,1,1,4,2,2,896,2,1,1,3,3,0,"worker"
"2021-03-28 20:15:46",4,0,1,2,2,1,1,1,1,1,1,2,897,4,3,0,0,3,0,"worker"
"2021-03-31 16:43:19",2,4,2,3,2,4,4,2,3,0,0,2,898,5,3,3,2,1,0,"employer"
"2021-04-02 04:55:39",2,2,2,1,1,3,5,1,1,2,1,2,899,1,1,1,0,0,0,"worker"
"2021-04-02 16:01:57",3,2,2,2,1,3,4,2,1,2,1,2,900,1,1,1,0,2,0,"worker"
"2021-04-04 07:21:37",3,2,2,3,2,3,5,3,3,3,2,2,901,6,4,2,2,3,0,"employer"
"2021-04-08 21:28:06",5,0,1,2,2,4,3,1,2,3,1,1,902,2,2,4,0,5,0,"worker"
"2021-04-12 03:49:06",2,0,1,2,2,4,1,2,2,4,2,2,903,4,2,4,0,2,0,"worker"
"2021-04-13 02:01:15",5,2,2,2,2,2,5,2,3,2,2,1,904,1,3,2,1,2,1,"worker"
"2021-04-20 19:27:01",2,1,2,2,1,1,3,2,3,3,1,1,905,1,2,1,0,2,1,"worker"
"2021-04-21 15:24:31",4,2,1,1,1,2,1,1,1,2,1,1,906,1,0,1,1,1,0,"worker"
"2021-04-21 22:06:49",1,0,2,1,1,5,1,3,1,4,2,2,907,4,1,0,0,2,1,"worker"
"2021-04-22 07:56:04",2,1,1,1,1,1,2,2,3,3,2,1,908,4,2,2,2,2,1,"employer"
"2021-04-25 10:41:49",4,0,2,1,2,4,1,1,2,4,2,2,909,1,0,0,0,0,0,"worker"
"2021-04-26 19:00:22",1,0,1,1,2,3,1,2,1,1,1,1,910,1,0,0,0,3,0,"worker"
"2021-04-27 04:55:45",3,0,1,1,1,1,1,1,1,1,1,1,911,1,1,1,0,1,0,"worker"
"2021-04-27 14:35:12",4,4,1,2,2,3,5,2,2,3,1,1,912,1,2,0,2,0,0,"worker"
"2021-04-28 04:28:43",2,3,1,2,2,3,1,3,1,3,1,2,913,2,2,2,2,2,0,"worker"
"2021-04-30 15:10:34",3,0,2,2,2,0,1,1,1,1,2,2,914,4,3,0,0,3,0,"worker"
"2021-04-30 17:49:09",2,3,1,1,1,1,1,1,1,1,1,2,915,2,1,0,1,3,1,"employer"
"2021-05-01 01:27:57",6,0,1,1,2,1,1,1,2,3,1,2,916,1,2,1,0,2,0,"worker"
"2021-05-01 01:52:20",2,0,2,3,2,4,1,2,2,1,1,2,917,1,2,1,0,2,0,"worker"
"2021-05-01 08:13:18",15,1,1,2,2,1,1,1,1,0,2,2,918,2,1,0,1,3,0,"worker"
"2021-05-01 08:13:26",15,1,1,2,2,1,1,1,1,0,2,2,919,2,1,0,1,1,0,"worker"
"2021-05-01 13:28:53",3,0,1,1,1,1,1,2,1,1,1,2,920,6,0,0,2,0,1,"worker"
"2021-05-06 20:15:12",5,1,2,3,1,3,4,2,3,2,1,2,921,1,2,0,1,2,0,"worker"
"2021-05-08 16:05:46",6,0,1,1,1,1,1,1,1,1,1,2,922,1,4,0,0,3,1,"worker"
"2021-05-09 19:57:41",18,0,1,2,2,0,1,1,1,0,0,2,923,1,3,1,0,3,0,"worker"
"2021-05-10 02:46:16",1,0,2,0,2,5,1,3,2,4,2,2,924,1,3,1,0,1,0,"worker"
"2021-05-10 15:11:59",5,1,2,2,2,0,1,2,1,2,2,2,925,1,0,0,0,3,0,"worker"
"2021-05-10 16:07:51",14,3,1,0,1,0,2,0,1,1,1,1,926,1,1,0,1,0,0,"worker"
"2021-05-10 18:58:35",1,0,1,1,1,1,1,1,1,2,1,2,927,1,0,1,0,3,0,"worker"
"2021-05-16 08:30:22",8,1,2,1,2,1,2,1,1,1,0,2,928,1,1,1,0,1,0,"worker"
"2021-05-19 13:34:05",3,2,2,1,2,2,1,2,1,1,1,2,929,1,0,1,0,3,0,"worker"
"2021-05-19 17:03:25",2,1,1,1,1,1,3,1,3,3,2,1,930,3,2,2,2,3,0,"worker"
"2021-05-21 12:45:08",14,2,1,1,2,1,1,1,1,1,1,2,931,1,4,1,0,2,0,"worker"
"2021-05-21 15:34:01",3,3,2,1,2,3,3,2,3,2,2,2,932,1,1,4,0,2,0,"worker"
"2021-05-23 04:09:06",1,3,2,1,1,2,6,2,2,1,1,1,933,1,4,0,2,1,1,"worker"
"2021-05-23 04:12:18",1,2,1,1,1,2,6,2,1,1,1,1,934,1,4,0,2,1,1,"worker"
"2021-05-24 22:26:42",1,2,1,0,1,1,1,1,2,1,0,1,935,1,0,1,0,0,0,"worker"
"2021-05-26 22:15:34",18,0,0,2,2,3,3,1,2,2,1,2,936,1,3,0,0,1,0,"worker"
"2021-05-27 19:58:45",1,0,1,1,1,1,1,1,1,1,1,2,937,1,1,0,1,3,0,"worker"
"2021-05-28 01:55:14",2,4,2,3,1,3,6,1,1,3,1,2,938,3,3,4,1,3,0,"worker"
"2021-05-29 20:26:41",30,1,1,1,1,0,1,1,1,1,0,2,939,1,3,1,0,0,0,"worker"
"2021-05-30 18:02:07",2,3,1,2,2,3,3,2,2,2,1,2,940,1,0,0,0,3,0,"worker"
"2021-05-30 18:07:20",2,2,2,2,2,3,1,1,1,2,1,1,941,3,1,1,1,1,1,"employer"
"2021-05-30 18:08:35",2,2,2,1,1,2,1,1,1,1,1,1,942,3,1,1,1,1,1,"employer"
"2021-06-09 14:30:20",6,1,1,1,1,1,2,1,1,1,1,1,943,1,1,0,0,5,0,"worker"
"2021-06-09 15:22:50",2,3,1,1,1,1,1,1,2,2,1,1,944,1,0,0,0,1,0,"worker"
"2021-06-10 19:14:16",10,1,2,2,2,0,1,1,1,4,0,2,945,2,3,0,0,3,1,"worker"
"2021-06-15 04:10:38",10,2,2,2,2,1,1,1,2,1,1,1,946,1,1,0,0,0,0,"worker"
"2021-06-15 04:13:07",10,2,1,2,1,1,1,1,1,1,1,1,947,1,1,0,0,0,0,"worker"
"2021-06-15 18:48:39",9,2,1,1,1,1,1,2,2,1,1,2,948,1,2,1,0,0,0,"worker"
"2021-06-17 06:22:31",1,2,2,1,1,5,6,1,1,1,1,2,949,1,0,0,0,0,1,"worker"
"2021-06-17 06:23:20",1,2,2,1,1,5,6,1,1,1,1,1,950,1,0,0,0,0,1,"worker"
"2021-06-17 20:54:57",4,1,2,3,2,1,1,2,0,2,2,2,951,1,0,4,0,3,0,"worker"
"2021-06-18 19:39:36",4,0,2,1,1,1,6,1,1,2,1,1,952,1,3,0,0,0,0,"worker"
"2021-06-18 19:46:07",4,0,1,1,1,1,6,1,1,1,1,1,953,1,3,0,0,0,1,"worker"
